,title,price,rating,reviews,availability
0,"Amazon Essentials Women's Classic-Fit Short-Sleeve V-Neck T-Shirt, (Available in Plus Size), Multipacks",19.00,4.4,"46,394",In Stock
1,"Gildan Men's Crew T-Shirts, Multipack, Style G1100",19.99,4.6,"260,382",
2,5 Pack Men’s Active Quick Dry Crew Neck T Shirts | Athletic Running Gym Workout Short Sleeve Tee Tops Bulk,39.95,4.6,"32,528",
3,"Hanes Mens Beefyt T-Shirt, Classic Heavyweight Cotton Crewneck Tee, Roomy Fit, 1 Or 2 Pack, Available in Tall",6.79,4.5,"58,648",
4,"Fruit of the Loom Men's Eversoft Cotton Short Sleeve Pocket T-Shirts, Breathable & Tag Free",21.38,4.5,"52,906",
5,"Hanes Men's Pocket T-Shirt Pack, Cotton Crewneck Pocket Tees 6-Pack",20.30,4.5,"18,094",
6,"Gildan Adult Ultra Cotton T-shirt, Style G2000, Multipack",11.08,4.5,"88,874",
7,"Hanes Essentials Men's T-Shirt Pack, Men's Short Sleeve Tees, Crewneck Cotton T-Shirts for Men, Value Pack",14.99,4.4,"116,175",
8,"Hanes Women's Perfect-T Short-Sleeve T-Shirt, Women’s Crewneck T-Shirt, Women’s Short-Sleeve Cotton Tee",9.00,,"45,402",
9,Fruit of the Loom Men's Eversoft Cotton Stay Tucked Crew T-Shirt,15.00,4.6,"101,307",
10,"Gildan Adult Softstyle Cotton T-Shirt, Style G64000, Multipack",9.10,4.5,"12,595",
11,"Champion, Classic T-Shirt, Men's Tee (Reg. Or Big & Tall)",11.49,4.5,"29,919",
12,"Amazon Essentials Men's Short-Sleeve Crewneck T-Shirt, Pack of 2",8.20,,"22,637",
13,"Amazon Essentials Women's Classic-Fit Short-Sleeve Crewneck T-Shirt, Multipacks",10.95,4.4,"45,584",
14,"Gildan Men's V-neck T-shirts, Multipack, Style G1103",17.89,4.5,"122,011",
15,Gildan Men's G2000 Ultra Cotton Adult T-Shirt,7.47,4.5,"35,599",
16,"Comfort Colors Adult Short Sleeve Tee, Style 1717",6.91,4.6,"19,273",
17,"Amazon Essentials Men's Short-Sleeve Crewneck T-Shirt, Pack of 2",8.20,,"22,637",
18,"Amazon Essentials Women's Classic-Fit Short-Sleeve Crewneck T-Shirt, Multipacks",10.95,4.4,"45,584",
19,"Amazon Essentials Men's Slim-Fit Short-Sleeve Crewneck T-Shirt, Pack of 2",8.20,4.3,"27,531",
20,"Amazon Essentials Women's Tech Stretch Short-Sleeve V-Neck T-Shirt (Available in Plus Size), Multipacks",13.15,4.4,"25,892",
21,Amazon Essentials Women's Slim-Fit Half Sleeve Square Neck T-Shirt,10.99,4.3,"4,341",
22,"Amazon Essentials Women's Classic-Fit Short-Sleeve V-Neck T-Shirt, (Available in Plus Size), Multipacks",11.18,4.4,"46,394",
23,"Amazon Essentials Men's Regular-Fit Short-Sleeve V-Neck T-Shirt, Pack of 2",9.69,,"10,623",
24,Comfort Colors - Garment-Dyed Heavyweight T-Shirt - 1717,10.05,4.6,620,
25,Columbia Men's Thistletown Hills Short Sleeve,24.99,4.6,288,
26,Hanes Men’s Short Sleeve Graphic T-shirt Collection,10.68,4.6,"68,863",
27,"Amazon Essentials Women's Classic-Fit Short-Sleeve Crewneck T-Shirt, Multipacks",19.00,4.4,"45,584",In Stock
28,Fashion Men’s Henley Shirts Casual Cotton Short Sleeve Classic Solid Color T Shirts Comfort Tee Top,24.99,4.5,11,In Stock
29,M&F EVENMINE Mens Henley Shirts Button Down Short Sleeve T Shirts for Men Casual Slim Fit Cotton Shirt with Pocket,23.99,4.6,12,Only 3 left in stock - order soon
30,True Classic 4 - Pack Crew Neck T-Shirt,79.99,,172,In Stock
31,"Russell Athletic Men's Dri-Power Cotton Blend Tees & Tanks, Moisture Wicking, Odor Protection, UPF 30+, Sizes S-4X",4.99,4.5,"63,660",
32,"Amazon Essentials Women's Classic-Fit Short-Sleeve V-Neck T-Shirt, (Available in Plus Size), Multipacks",11.18,4.4,"46,394",
33,Carhartt Men's Force Relaxed Fit Midweight Short-Sleeve Pocket T-Shirt,22.49,4.7,"3,220",
34,Under Armour Men's Tech 2.0 Short-sleeve T-shirt,17.99,4.5,"82,126",
35,BINLIANG Women Summer Casual Short Sleeve Tee Shirt Tops Crew Neck Tshirts T Shirt Femme,19.88,,235,In Stock
36,SWISSWELL Polo Shirt for Men Long/Short Sleeve Moisture Wicking Tennis Shirts Mesh Sports T Shirt,22.09,4.5,362,Only 4 left in stock - order soon
37,USA Military American Flag Black Skull Patriotic Men's T Shirt,22.95,4.6,"4,696",In Stock
38,Cozyease Men's 3 Pack Casual Letter Graphic Tee Short Sleeve Round Neck Basic T Shirt Tops,30.99,,1,Only 1 left in stock - order soon
39,"Amazon Essentials Men's Regular-Fit Short-Sleeve Crewneck T-Shirt, Pack of 2",12.68,4.5,480,
40,"Fruit of the Loom Men's Eversoft Cotton T Shirts, Breathable & Moisture Wicking with Odor Control, Sizes S-4x",11.91,4.6,"2,863",
41,"Champion Men's T-shirt, Mvp, Moisture Wicking, Anti Odor, Lightweight T-shirt for Men",23.00,4.4,3,
42,Nautica Men's Short Sleeve Solid Crew Neck T-Shirt,12.99,4.4,"11,577",
43,Charles Wilson Men's 5 Pack Midweight Crew Neck T-Shirt,49.95,4.5,"26,115",In Stock
44,Fair Indigo Men's Organic Crew Neck T-Shirt,24.99,,5,In Stock
45,Men's Swim Shirts Rash Guard UPF 50+ UV Sun Protection T-Shirt Quick Dry Fishing Beach T Shirts,23.99,4.6,"1,364",In Stock
46,Under Armour Men's HeatGear Compression Sleeveless T-Shirt,17.95,4.5,"6,059",
47,"Amazon Essentials Men's Slim-Fit Short-Sleeve Crewneck T-Shirt, Pack of 2",8.20,4.3,"27,531",
48,Real Essentials 5 Pack: Men’s Dry-Fit Moisture Wicking Active Athletic Performance Crew T-Shirt,33.99,,"78,883",
49,Hanes Women’s Perfect-T Short Sleeve V-Neck T-Shirt (1 or 2 Pack Option),7.75,,"16,923",
50,"5 Pack Men's Dry Fit T Shirts, Athletic Running Gym Workout Short Sleeve Tee Shirts for Men",26.99,4.3,"3,306",
51,Carhartt Women's Loose Fit Heavyweight Short-Sleeve Pocket T-Shirt,19.99,4.6,"2,572",
52,"Gildan Adult Heavy Cotton T-Shirt, Style G5000, Multipack",6.80,4.5,"80,229",
53,"Hanes Men's Cotton Undershirt, Moisture-Wicking Crew Tee Undershirts, 3-Pack",10.98,4.5,"40,174",
54,Under Armour Men's Tech 2.0 V-Neck Short-Sleeve T-Shirt,18.75,4.6,"8,814",
55,adidas Men's Basic Badge Of Sport Tee,18.14,4.6,"18,172",
56,Dickies Men's Short Sleeve Performance Cooling Tee,19.99,4.6,"7,986",
57,Fruit of the Loom Men's Premium Crew Tees,7.20,4.4,"3,665",
58,Under Armour Men's New Freedom Flag T-Shirt,21.98,4.7,"8,259",
59,"Gildan DryBlend T-Shirt, Style G8000, Multipack",11.65,4.5,"11,505",
60,"Hanes Men's Originals T-Shirt, 100% Cotton Tees for Men, Short-Sleeve T-Shirt, Available in Tall",7.68,4.3,48,
61,Lacoste Men's Short Sleeve V-Neck Pima Cotton Jersey T-Shirt,35.99,4.5,"3,683",
62,COOFANDY Men's Cotton Linen Henley Shirt Long Sleeve Hippie Casual Beach T Shirts,29.99,,"21,410",
63,"Gildan Adult Ultra Cotton Long Sleeve T-Shirt, Style G2400, Multipack",9.96,4.5,"134,293",
64,TBMPOY Mens Henley Polo Shirts Short Sleeve Casual T-Shirt Lightweight Collarless Work Outdoor Golf Shirts,19.99,,,
65,"Amazon Essentials Men's Regular-Fit Short-Sleeve V-Neck T-Shirt, Pack of 2",9.69,,"10,623",
66,SWISSWELL Polo Shirt for Men Long/Short Sleeve Moisture Wicking Tennis Shirts Mesh Sports T Shirt,23.79,4.5,362,
