Title,Price,Date
"Data Analyst T-Shirt for Men,Him, Male, Boss, Son - What's Your Superpower Tee Top - Men Clothing Shirt for Data Analyst",25.75,2023-05-05
"Data Analyst T-Shirt for Men,Him, Male, Boss, Son - What's Your Superpower Tee Top - Men Clothing Shirt for Data Analyst",25.75,2023-05-05
"Data Analyst T-Shirt for Men,Him, Male, Boss, Son - What's Your Superpower Tee Top - Men Clothing Shirt for Data Analyst",25.75,2023-05-05
Title,Price,Date
"Data Analyst T-Shirt for Men,Him, Male, Boss, Son - What's Your Superpower Tee Top - Men Clothing Shirt for Data Analyst",25.75,2023-05-05
Title,Price,Date
"Data Analyst T-Shirt for Men,Him, Male, Boss, Son - What's Your Superpower Tee Top - Men Clothing Shirt for Data Analyst",25.75,2023-05-05
"Data Analyst T-Shirt for Men,Him, Male, Boss, Son - What's Your Superpower Tee Top - Men Clothing Shirt for Data Analyst",25.75,2023-05-05
"Data Analyst T-Shirt for Men,Him, Male, Boss, Son - What's Your Superpower Tee Top - Men Clothing Shirt for Data Analyst",25.75,2023-05-05
"Data Analyst T-Shirt for Men,Him, Male, Boss, Son - What's Your Superpower Tee Top - Men Clothing Shirt for Data Analyst",25.75,2023-05-05
